Sector,R2,RMSE,MAE,Directional_Sharpe
XLK,-0.0545,0.006594,0.004853,1.924
XLF,-0.0935,0.006431,0.004509,0.9594
XLV,-0.0637,0.004724,0.003457,0.5642
XLP,-0.053,0.003957,0.002813,1.0683
XLI,-0.1357,0.006059,0.004221,-0.4098
XLB,-0.1102,0.006197,0.004462,0.4194
XLU,-0.073,0.005402,0.00382,0.4351
XLRE,-0.1106,0.006102,0.004213,0.5086
XLY,-0.1715,0.00688,0.004842,0.0813
