Sector,R2,RMSE,MAE
XLK,0.7939,0.003034,0.002184
XLF,0.8667,0.002025,0.001411
XLV,0.8765,0.001401,0.001027
XLP,0.8015,0.001552,0.001125
XLI,0.8512,0.001868,0.001332
XLB,0.8532,0.002084,0.001506
XLU,0.8143,0.002128,0.001565
XLRE,0.8427,0.002193,0.001606
XLY,0.8411,0.002685,0.001988
